id,angle
Image-0--22Image_1.jpg,-22
Image-0-38Image_10.png,38
Image-0-30Image_11.jpg,30
Image-0-25Image_12.JPG,25
Image-0-29Image_13.png,29
Image-0-30Image_14.JPG,30
Image-0-42Image_17.jpg,42
Image-0--37Image_18.jpg,-37
Image-0--25Image_19.png,-25
Image-0--17Image_2.jpg,-17
Image-0-18Image_20.jpg,18
Image-0-6Image_21.jpg,6
Image-0-0Image_22.jpg,0
Image-0--17Image_23.JPG,-17
Image-0-7Image_24.png,7
Image-0-45Image_25.jpg,45
Image-0--16Image_26.jpg,-16
Image-0-3Image_27.jpg,3
Image-0--14Image_28.jpg,-14
Image-0-23Image_29.jpg,23
Image-0-30Image_3.jpg,30
Image-0--9Image_30.JPG,-9
Image-0-0Image_31.png,0
Image-0--32Image_32.png,-32
Image-0--8Image_33.jpg,-8
Image-0-22Image_34.jpg,22
Image-0-18Image_35.jpg,18
Image-0--15Image_36.jpg,-15
Image-0--8Image_37.png,-8
Image-0-6Image_38.jpg,6
Image-0-15Image_39.JPG,15
Image-0-10Image_4.jpg,10
Image-0-21Image_40.jpg,21
Image-0--38Image_5.jpg,-38
Image-0-13Image_6.jpg,13
Image-0--33Image_7.jpg,-33
Image-0-15Image_8.png,15
Image-0-30Image_9.jpg,30
Image-1--42Image_1.jpg,-42
Image-1-42Image_10.png,42
Image-1-33Image_11.jpg,33
Image-1--39Image_12.JPG,-39
Image-1-7Image_13.png,7
Image-1-7Image_14.JPG,7
Image-1--2Image_17.jpg,-2
Image-1-11Image_18.jpg,11
Image-1--13Image_19.png,-13
Image-1--10Image_2.jpg,-10
Image-1--43Image_20.jpg,-43
Image-1--7Image_21.jpg,-7
Image-1-10Image_22.jpg,10
Image-1--22Image_23.JPG,-22
Image-1--7Image_24.png,-7
Image-1-44Image_25.jpg,44
Image-1-11Image_26.jpg,11
Image-1--16Image_27.jpg,-16
Image-1--44Image_28.jpg,-44
Image-1-32Image_29.jpg,32
Image-1-13Image_3.jpg,13
Image-1-16Image_30.JPG,16
Image-1-7Image_31.png,7
Image-1-1Image_32.png,1
Image-1--29Image_33.jpg,-29
Image-1--3Image_34.jpg,-3
Image-1-25Image_35.jpg,25
Image-1-8Image_36.jpg,8
Image-1--8Image_37.png,-8
Image-1--21Image_38.jpg,-21
Image-1-43Image_39.JPG,43
Image-1--16Image_4.jpg,-16
Image-1--28Image_40.jpg,-28
Image-1-27Image_5.jpg,27
Image-1--7Image_6.jpg,-7
Image-1-38Image_7.jpg,38
Image-1--30Image_8.png,-30
Image-1--18Image_9.jpg,-18
Image-2--39Image_1.jpg,-39
Image-2-34Image_10.png,34
Image-2-1Image_11.jpg,1
Image-2--1Image_12.JPG,-1
Image-2--3Image_13.png,-3
Image-2-10Image_14.JPG,10
Image-2-5Image_17.jpg,5
Image-2--41Image_18.jpg,-41
Image-2--29Image_19.png,-29
Image-2-9Image_2.jpg,9
Image-2-45Image_20.jpg,45
Image-2--42Image_21.jpg,-42
Image-2--27Image_22.jpg,-27
Image-2-12Image_23.JPG,12
Image-2--12Image_24.png,-12
Image-2-1Image_25.jpg,1
Image-2-21Image_26.jpg,21
Image-2-30Image_27.jpg,30
Image-2-1Image_28.jpg,1
Image-2--18Image_29.jpg,-18
Image-2-40Image_3.jpg,40
Image-2--21Image_30.JPG,-21
Image-2-43Image_31.png,43
Image-2-31Image_32.png,31
Image-2--30Image_33.jpg,-30
Image-2-25Image_34.jpg,25
Image-2-33Image_35.jpg,33
Image-2-28Image_36.jpg,28
Image-2-45Image_37.png,45
Image-2--44Image_38.jpg,-44
Image-2-18Image_39.JPG,18
Image-2--24Image_4.jpg,-24
Image-2--34Image_40.jpg,-34
Image-2-19Image_5.jpg,19
Image-2--43Image_6.jpg,-43
Image-2-3Image_7.jpg,3
Image-2--39Image_8.png,-39
Image-2-28Image_9.jpg,28
Image-3--15Image_1.jpg,-15
Image-3--24Image_10.png,-24
Image-3-39Image_11.jpg,39
Image-3--10Image_12.JPG,-10
Image-3-27Image_13.png,27
Image-3--4Image_14.JPG,-4
Image-3-38Image_17.jpg,38
Image-3--27Image_18.jpg,-27
Image-3-6Image_19.png,6
Image-3-36Image_2.jpg,36
Image-3-20Image_20.jpg,20
Image-3--15Image_21.jpg,-15
Image-3--45Image_22.jpg,-45
Image-3--37Image_23.JPG,-37
Image-3-24Image_24.png,24
Image-3-25Image_25.jpg,25
Image-3--43Image_26.jpg,-43
Image-3--5Image_27.jpg,-5
Image-3--25Image_28.jpg,-25
Image-3-16Image_29.jpg,16
Image-3-12Image_3.jpg,12
Image-3-28Image_30.JPG,28
Image-3-21Image_31.png,21
Image-3-30Image_32.png,30
Image-3--7Image_33.jpg,-7
Image-3-45Image_34.jpg,45
Image-3-0Image_35.jpg,0
Image-3-4Image_36.jpg,4
Image-3--42Image_37.png,-42
Image-3--12Image_38.jpg,-12
Image-3--34Image_39.JPG,-34
Image-3--17Image_4.jpg,-17
Image-3--17Image_40.jpg,-17
Image-3--29Image_5.jpg,-29
Image-3--10Image_6.jpg,-10
Image-3-4Image_7.jpg,4
Image-3-34Image_8.png,34
Image-3--5Image_9.jpg,-5
Image-4-45Image_1.jpg,45
Image-4-35Image_10.png,35
Image-4--13Image_11.jpg,-13
Image-4-6Image_12.JPG,6
Image-4-7Image_13.png,7
Image-4--44Image_14.JPG,-44
Image-4-12Image_17.jpg,12
Image-4-23Image_18.jpg,23
Image-4-21Image_19.png,21
Image-4--24Image_2.jpg,-24
Image-4--28Image_20.jpg,-28
Image-4--32Image_21.jpg,-32
Image-4--42Image_22.jpg,-42
Image-4--26Image_23.JPG,-26
Image-4-32Image_24.png,32
Image-4-34Image_25.jpg,34
Image-4-13Image_26.jpg,13
Image-4--37Image_27.jpg,-37
Image-4--5Image_28.jpg,-5
Image-4--38Image_29.jpg,-38
Image-4--6Image_3.jpg,-6
Image-4-38Image_30.JPG,38
Image-4--19Image_31.png,-19
Image-4-20Image_32.png,20
Image-4-21Image_33.jpg,21
Image-4-35Image_34.jpg,35
Image-4--30Image_35.jpg,-30
Image-4-32Image_36.jpg,32
Image-4--27Image_37.png,-27
Image-4-20Image_38.jpg,20
Image-4--2Image_39.JPG,-2
Image-4--42Image_4.jpg,-42
Image-4--40Image_40.jpg,-40
Image-4--4Image_5.jpg,-4
Image-4-4Image_6.jpg,4
Image-4--29Image_7.jpg,-29
Image-4--34Image_8.png,-34
Image-4--10Image_9.jpg,-10
Image-5-44Image_1.jpg,44
Image-5-0Image_10.png,0
Image-5-41Image_11.jpg,41
Image-5--11Image_12.JPG,-11
Image-5--2Image_13.png,-2
Image-5--9Image_14.JPG,-9
Image-5-17Image_17.jpg,17
Image-5-19Image_18.jpg,19
Image-5-13Image_19.png,13
Image-5-40Image_2.jpg,40
Image-5-2Image_20.jpg,2
Image-5--36Image_21.jpg,-36
Image-5--7Image_22.jpg,-7
Image-5-3Image_23.JPG,3
Image-5--24Image_24.png,-24
Image-5-32Image_25.jpg,32
Image-5--42Image_26.jpg,-42
Image-5-24Image_27.jpg,24
Image-5-32Image_28.jpg,32
Image-5--22Image_29.jpg,-22
Image-5--24Image_3.jpg,-24
Image-5--41Image_30.JPG,-41
Image-5-31Image_31.png,31
Image-5--45Image_32.png,-45
Image-5-38Image_33.jpg,38
Image-5--6Image_34.jpg,-6
Image-5-26Image_35.jpg,26
Image-5--4Image_36.jpg,-4
Image-5--13Image_37.png,-13
Image-5--40Image_38.jpg,-40
Image-5--26Image_39.JPG,-26
Image-5-22Image_4.jpg,22
Image-5--33Image_40.jpg,-33
Image-5--25Image_5.jpg,-25
Image-5-34Image_6.jpg,34
Image-5--19Image_7.jpg,-19
Image-5-10Image_8.png,10
Image-5-43Image_9.jpg,43
Image-6--38Image_1.jpg,-38
Image-6--32Image_10.png,-32
Image-6--16Image_11.jpg,-16
Image-6--17Image_12.JPG,-17
Image-6-8Image_13.png,8
Image-6--44Image_14.JPG,-44
Image-6--8Image_17.jpg,-8
Image-6--8Image_18.jpg,-8
Image-6--16Image_19.png,-16
Image-6-26Image_2.jpg,26
Image-6--26Image_20.jpg,-26
Image-6--43Image_21.jpg,-43
Image-6-8Image_22.jpg,8
Image-6-13Image_23.JPG,13
Image-6-35Image_24.png,35
Image-6-33Image_25.jpg,33
Image-6-9Image_26.jpg,9
Image-6-31Image_27.jpg,31
Image-6-0Image_28.jpg,0
Image-6-20Image_29.jpg,20
Image-6--24Image_3.jpg,-24
Image-6--13Image_30.JPG,-13
Image-6-2Image_31.png,2
Image-6-33Image_32.png,33
Image-6-18Image_33.jpg,18
Image-6-38Image_34.jpg,38
Image-6-20Image_35.jpg,20
Image-6-39Image_36.jpg,39
Image-6--14Image_37.png,-14
Image-6--35Image_38.jpg,-35
Image-6--15Image_39.JPG,-15
Image-6--9Image_4.jpg,-9
Image-6-13Image_40.jpg,13
Image-6-17Image_5.jpg,17
Image-6-39Image_6.jpg,39
Image-6--28Image_7.jpg,-28
Image-6--11Image_8.png,-11
Image-6-36Image_9.jpg,36
Image-7-13Image_1.jpg,13
Image-7-45Image_10.png,45
Image-7--2Image_11.jpg,-2
Image-7-10Image_12.JPG,10
Image-7-24Image_13.png,24
Image-7--24Image_14.JPG,-24
Image-7-13Image_17.jpg,13
Image-7--13Image_18.jpg,-13
Image-7--43Image_19.png,-43
Image-7-32Image_2.jpg,32
Image-7-14Image_20.jpg,14
Image-7-15Image_21.jpg,15
Image-7--36Image_22.jpg,-36
Image-7--8Image_23.JPG,-8
Image-7-10Image_24.png,10
Image-7-18Image_25.jpg,18
Image-7-17Image_26.jpg,17
Image-7--13Image_27.jpg,-13
Image-7--12Image_28.jpg,-12
Image-7--35Image_29.jpg,-35
Image-7-42Image_3.jpg,42
Image-7-44Image_30.JPG,44
Image-7--44Image_31.png,-44
Image-7--45Image_32.png,-45
Image-7-11Image_33.jpg,11
Image-7-39Image_34.jpg,39
Image-7--6Image_35.jpg,-6
Image-7--31Image_36.jpg,-31
Image-7-45Image_37.png,45
Image-7--27Image_38.jpg,-27
Image-7-27Image_39.JPG,27
Image-7-0Image_4.jpg,0
Image-7-3Image_40.jpg,3
Image-7--12Image_5.jpg,-12
Image-7-26Image_6.jpg,26
Image-7--21Image_7.jpg,-21
Image-7--42Image_8.png,-42
Image-7--26Image_9.jpg,-26
Image-8--8Image_1.jpg,-8
Image-8-22Image_10.png,22
Image-8--34Image_11.jpg,-34
Image-8-17Image_12.JPG,17
Image-8-7Image_13.png,7
Image-8--15Image_14.JPG,-15
Image-8-9Image_17.jpg,9
Image-8-42Image_18.jpg,42
Image-8--8Image_19.png,-8
Image-8-15Image_2.jpg,15
Image-8--18Image_20.jpg,-18
Image-8--25Image_21.jpg,-25
Image-8-14Image_22.jpg,14
Image-8-30Image_23.JPG,30
Image-8--23Image_24.png,-23
Image-8--33Image_25.jpg,-33
Image-8--29Image_26.jpg,-29
Image-8--44Image_27.jpg,-44
Image-8-28Image_28.jpg,28
Image-8--6Image_29.jpg,-6
Image-8-29Image_3.jpg,29
Image-8-11Image_30.JPG,11
Image-8--12Image_31.png,-12
Image-8-7Image_32.png,7
Image-8-44Image_33.jpg,44
Image-8--18Image_34.jpg,-18
Image-8--32Image_35.jpg,-32
Image-8--12Image_36.jpg,-12
Image-8-32Image_37.png,32
Image-8-33Image_38.jpg,33
Image-8--23Image_39.JPG,-23
Image-8-24Image_4.jpg,24
Image-8-5Image_40.jpg,5
Image-8--12Image_5.jpg,-12
Image-8-9Image_6.jpg,9
Image-8-35Image_7.jpg,35
Image-8--26Image_8.png,-26
Image-8--28Image_9.jpg,-28
Image-9-0Image_1.jpg,0
Image-9-30Image_10.png,30
Image-9-19Image_11.jpg,19
Image-9--12Image_12.JPG,-12
Image-9-9Image_13.png,9
Image-9--19Image_14.JPG,-19
Image-9-42Image_17.jpg,42
Image-9-30Image_18.jpg,30
Image-9-23Image_19.png,23
Image-9--2Image_2.jpg,-2
Image-9--30Image_20.jpg,-30
Image-9-2Image_21.jpg,2
Image-9-28Image_22.jpg,28
Image-9--30Image_23.JPG,-30
Image-9--20Image_24.png,-20
Image-9-25Image_25.jpg,25
Image-9-5Image_26.jpg,5
Image-9-23Image_27.jpg,23
Image-9-29Image_28.jpg,29
Image-9-22Image_29.jpg,22
Image-9-34Image_3.jpg,34
Image-9-43Image_30.JPG,43
Image-9--6Image_31.png,-6
Image-9--29Image_32.png,-29
Image-9--38Image_33.jpg,-38
Image-9-17Image_34.jpg,17
Image-9--30Image_35.jpg,-30
Image-9--26Image_36.jpg,-26
Image-9-11Image_37.png,11
Image-9--42Image_38.jpg,-42
Image-9-30Image_39.JPG,30
Image-9--14Image_4.jpg,-14
Image-9-33Image_40.jpg,33
Image-9-36Image_5.jpg,36
Image-9--8Image_6.jpg,-8
Image-9-44Image_7.jpg,44
Image-9-37Image_8.png,37
Image-9-22Image_9.jpg,22
Image-10-23Image_1.jpg,23
Image-10-18Image_10.png,18
Image-10-31Image_11.jpg,31
Image-10--45Image_12.JPG,-45
Image-10--7Image_13.png,-7
Image-10-43Image_14.JPG,43
Image-10-7Image_17.jpg,7
Image-10--19Image_18.jpg,-19
Image-10--15Image_19.png,-15
Image-10--17Image_2.jpg,-17
Image-10--8Image_20.jpg,-8
Image-10--10Image_21.jpg,-10
Image-10--19Image_22.jpg,-19
Image-10--41Image_23.JPG,-41
Image-10--11Image_24.png,-11
Image-10--9Image_25.jpg,-9
Image-10-35Image_26.jpg,35
Image-10-35Image_27.jpg,35
Image-10--44Image_28.jpg,-44
Image-10--4Image_29.jpg,-4
Image-10-30Image_3.jpg,30
Image-10-16Image_30.JPG,16
Image-10--29Image_31.png,-29
Image-10--17Image_32.png,-17
Image-10--19Image_33.jpg,-19
Image-10--16Image_34.jpg,-16
Image-10--13Image_35.jpg,-13
Image-10-45Image_36.jpg,45
Image-10-23Image_37.png,23
Image-10--8Image_38.jpg,-8
Image-10--7Image_39.JPG,-7
Image-10--9Image_4.jpg,-9
Image-10-18Image_40.jpg,18
Image-10-34Image_5.jpg,34
Image-10--16Image_6.jpg,-16
Image-10-41Image_7.jpg,41
Image-10--43Image_8.png,-43
Image-10--13Image_9.jpg,-13
Image-11--43Image_1.jpg,-43
Image-11-18Image_10.png,18
Image-11-40Image_11.jpg,40
Image-11--11Image_12.JPG,-11
Image-11--25Image_13.png,-25
Image-11-19Image_14.JPG,19
Image-11-12Image_17.jpg,12
Image-11--28Image_18.jpg,-28
Image-11-11Image_19.png,11
Image-11--38Image_2.jpg,-38
Image-11--30Image_20.jpg,-30
Image-11-26Image_21.jpg,26
Image-11--36Image_22.jpg,-36
Image-11-37Image_23.JPG,37
Image-11--20Image_24.png,-20
Image-11--11Image_25.jpg,-11
Image-11-30Image_26.jpg,30
Image-11-38Image_27.jpg,38
Image-11--33Image_28.jpg,-33
Image-11-14Image_29.jpg,14
Image-11-44Image_3.jpg,44
Image-11--42Image_30.JPG,-42
Image-11-32Image_31.png,32
Image-11-26Image_32.png,26
Image-11--4Image_33.jpg,-4
Image-11-37Image_34.jpg,37
Image-11--12Image_35.jpg,-12
Image-11-5Image_36.jpg,5
Image-11-26Image_37.png,26
Image-11-31Image_38.jpg,31
Image-11--41Image_39.JPG,-41
Image-11--3Image_4.jpg,-3
Image-11--38Image_40.jpg,-38
Image-11--8Image_5.jpg,-8
Image-11-30Image_6.jpg,30
Image-11-30Image_7.jpg,30
Image-11-2Image_8.png,2
Image-11--14Image_9.jpg,-14
Image-12--45Image_1.jpg,-45
Image-12--2Image_10.png,-2
Image-12-36Image_11.jpg,36
Image-12--30Image_12.JPG,-30
Image-12--5Image_13.png,-5
Image-12--9Image_14.JPG,-9
Image-12-29Image_17.jpg,29
Image-12-15Image_18.jpg,15
Image-12--31Image_19.png,-31
Image-12--8Image_2.jpg,-8
Image-12--8Image_20.jpg,-8
Image-12--37Image_21.jpg,-37
Image-12--2Image_22.jpg,-2
Image-12-40Image_23.JPG,40
Image-12-39Image_24.png,39
Image-12-33Image_25.jpg,33
Image-12-37Image_26.jpg,37
Image-12--13Image_27.jpg,-13
Image-12-19Image_28.jpg,19
Image-12--35Image_29.jpg,-35
Image-12--28Image_3.jpg,-28
Image-12-43Image_30.JPG,43
Image-12-19Image_31.png,19
Image-12-21Image_32.png,21
Image-12-13Image_33.jpg,13
Image-12-43Image_34.jpg,43
Image-12-44Image_35.jpg,44
Image-12-15Image_36.jpg,15
Image-12--24Image_37.png,-24
Image-12--22Image_38.jpg,-22
Image-12--29Image_39.JPG,-29
Image-12--32Image_4.jpg,-32
Image-12--9Image_40.jpg,-9
Image-12--25Image_5.jpg,-25
Image-12-18Image_6.jpg,18
Image-12-31Image_7.jpg,31
Image-12-17Image_8.png,17
Image-12--31Image_9.jpg,-31
Image-13-45Image_1.jpg,45
Image-13--28Image_10.png,-28
Image-13--25Image_11.jpg,-25
Image-13--31Image_12.JPG,-31
Image-13-35Image_13.png,35
Image-13--22Image_14.JPG,-22
Image-13-9Image_17.jpg,9
Image-13--23Image_18.jpg,-23
Image-13--18Image_19.png,-18
Image-13--35Image_2.jpg,-35
Image-13--34Image_20.jpg,-34
Image-13-42Image_21.jpg,42
Image-13--34Image_22.jpg,-34
Image-13--15Image_23.JPG,-15
Image-13--1Image_24.png,-1
Image-13-20Image_25.jpg,20
Image-13--20Image_26.jpg,-20
Image-13--7Image_27.jpg,-7
Image-13--16Image_28.jpg,-16
Image-13--4Image_29.jpg,-4
Image-13-35Image_3.jpg,35
Image-13--36Image_30.JPG,-36
Image-13-6Image_31.png,6
Image-13--17Image_32.png,-17
Image-13--39Image_33.jpg,-39
Image-13--14Image_34.jpg,-14
Image-13--32Image_35.jpg,-32
Image-13-32Image_36.jpg,32
Image-13--31Image_37.png,-31
Image-13--18Image_38.jpg,-18
Image-13--31Image_39.JPG,-31
Image-13-36Image_4.jpg,36
Image-13-3Image_40.jpg,3
Image-13-13Image_5.jpg,13
Image-13-40Image_6.jpg,40
Image-13--39Image_7.jpg,-39
Image-13--30Image_8.png,-30
Image-13--27Image_9.jpg,-27
Image-14-39Image_1.jpg,39
Image-14-16Image_10.png,16
Image-14-11Image_11.jpg,11
Image-14-17Image_12.JPG,17
Image-14-34Image_13.png,34
Image-14-35Image_14.JPG,35
Image-14-40Image_17.jpg,40
Image-14--42Image_18.jpg,-42
Image-14-11Image_19.png,11
Image-14-43Image_2.jpg,43
Image-14-0Image_20.jpg,0
Image-14-32Image_21.jpg,32
Image-14-2Image_22.jpg,2
Image-14-27Image_23.JPG,27
Image-14--36Image_24.png,-36
Image-14--2Image_25.jpg,-2
Image-14--41Image_26.jpg,-41
Image-14--31Image_27.jpg,-31
Image-14--40Image_28.jpg,-40
Image-14-11Image_29.jpg,11
Image-14-16Image_3.jpg,16
Image-14-12Image_30.JPG,12
Image-14-28Image_31.png,28
Image-14--31Image_32.png,-31
Image-14--41Image_33.jpg,-41
Image-14--2Image_34.jpg,-2
Image-14--19Image_35.jpg,-19
Image-14--15Image_36.jpg,-15
Image-14-6Image_37.png,6
Image-14-12Image_38.jpg,12
Image-14--39Image_39.JPG,-39
Image-14-33Image_4.jpg,33
Image-14-13Image_40.jpg,13
Image-14-5Image_5.jpg,5
Image-14-6Image_6.jpg,6
Image-14--1Image_7.jpg,-1
Image-14--8Image_8.png,-8
Image-14--29Image_9.jpg,-29
Image-15--13Image_1.jpg,-13
Image-15-2Image_10.png,2
Image-15--41Image_11.jpg,-41
Image-15-40Image_12.JPG,40
Image-15--43Image_13.png,-43
Image-15--10Image_14.JPG,-10
Image-15-37Image_17.jpg,37
Image-15-26Image_18.jpg,26
Image-15-31Image_19.png,31
Image-15-14Image_2.jpg,14
Image-15--2Image_20.jpg,-2
Image-15--9Image_21.jpg,-9
Image-15--2Image_22.jpg,-2
Image-15--34Image_23.JPG,-34
Image-15--1Image_24.png,-1
Image-15-30Image_25.jpg,30
Image-15-11Image_26.jpg,11
Image-15--40Image_27.jpg,-40
Image-15-12Image_28.jpg,12
Image-15-11Image_29.jpg,11
Image-15--16Image_3.jpg,-16
Image-15-28Image_30.JPG,28
Image-15--6Image_31.png,-6
Image-15--24Image_32.png,-24
Image-15--11Image_33.jpg,-11
Image-15--8Image_34.jpg,-8
Image-15--18Image_35.jpg,-18
Image-15--38Image_36.jpg,-38
Image-15--26Image_37.png,-26
Image-15--8Image_38.jpg,-8
Image-15--14Image_39.JPG,-14
Image-15--25Image_4.jpg,-25
Image-15--1Image_40.jpg,-1
Image-15-37Image_5.jpg,37
Image-15--34Image_6.jpg,-34
Image-15--17Image_7.jpg,-17
Image-15-32Image_8.png,32
Image-15-9Image_9.jpg,9
Image-16--27Image_1.jpg,-27
Image-16--32Image_10.png,-32
Image-16-18Image_11.jpg,18
Image-16--1Image_12.JPG,-1
Image-16-27Image_13.png,27
Image-16-29Image_14.JPG,29
Image-16--32Image_17.jpg,-32
Image-16--20Image_18.jpg,-20
Image-16--41Image_19.png,-41
Image-16--34Image_2.jpg,-34
Image-16--32Image_20.jpg,-32
Image-16--22Image_21.jpg,-22
Image-16-8Image_22.jpg,8
Image-16-36Image_23.JPG,36
Image-16--22Image_24.png,-22
Image-16--37Image_25.jpg,-37
Image-16-0Image_26.jpg,0
Image-16--4Image_27.jpg,-4
Image-16--17Image_28.jpg,-17
Image-16--36Image_29.jpg,-36
Image-16-4Image_3.jpg,4
Image-16--11Image_30.JPG,-11
Image-16--33Image_31.png,-33
Image-16-23Image_32.png,23
Image-16--43Image_33.jpg,-43
Image-16-30Image_34.jpg,30
Image-16-3Image_35.jpg,3
Image-16--25Image_36.jpg,-25
Image-16-28Image_37.png,28
Image-16-45Image_38.jpg,45
Image-16--18Image_39.JPG,-18
Image-16-37Image_4.jpg,37
Image-16--44Image_40.jpg,-44
Image-16-20Image_5.jpg,20
Image-16-8Image_6.jpg,8
Image-16--30Image_7.jpg,-30
Image-16--37Image_8.png,-37
Image-16-14Image_9.jpg,14
Image-17-21Image_1.jpg,21
Image-17-45Image_10.png,45
Image-17-9Image_11.jpg,9
Image-17--32Image_12.JPG,-32
Image-17--10Image_13.png,-10
Image-17--15Image_14.JPG,-15
Image-17--33Image_17.jpg,-33
Image-17--34Image_18.jpg,-34
Image-17-35Image_19.png,35
Image-17--45Image_2.jpg,-45
Image-17--15Image_20.jpg,-15
Image-17--16Image_21.jpg,-16
Image-17-16Image_22.jpg,16
Image-17-27Image_23.JPG,27
Image-17-6Image_24.png,6
Image-17--4Image_25.jpg,-4
Image-17--23Image_26.jpg,-23
Image-17--36Image_27.jpg,-36
Image-17--23Image_28.jpg,-23
Image-17--25Image_29.jpg,-25
Image-17-20Image_3.jpg,20
Image-17-38Image_30.JPG,38
Image-17--25Image_31.png,-25
Image-17-14Image_32.png,14
Image-17--31Image_33.jpg,-31
Image-17-8Image_34.jpg,8
Image-17--19Image_35.jpg,-19
Image-17--30Image_36.jpg,-30
Image-17-5Image_37.png,5
Image-17-2Image_38.jpg,2
Image-17-5Image_39.JPG,5
Image-17--44Image_4.jpg,-44
Image-17-44Image_40.jpg,44
Image-17--21Image_5.jpg,-21
Image-17-34Image_6.jpg,34
Image-17--44Image_7.jpg,-44
Image-17--17Image_8.png,-17
Image-17--8Image_9.jpg,-8
Image-18-41Image_1.jpg,41
Image-18--41Image_10.png,-41
Image-18--10Image_11.jpg,-10
Image-18-27Image_12.JPG,27
Image-18-17Image_13.png,17
Image-18--45Image_14.JPG,-45
Image-18--43Image_17.jpg,-43
Image-18-9Image_18.jpg,9
Image-18--13Image_19.png,-13
Image-18-37Image_2.jpg,37
Image-18-33Image_20.jpg,33
Image-18--34Image_21.jpg,-34
Image-18--37Image_22.jpg,-37
Image-18-19Image_23.JPG,19
Image-18--35Image_24.png,-35
Image-18-1Image_25.jpg,1
Image-18-18Image_26.jpg,18
Image-18-6Image_27.jpg,6
Image-18-0Image_28.jpg,0
Image-18-29Image_29.jpg,29
Image-18--36Image_3.jpg,-36
Image-18--29Image_30.JPG,-29
Image-18-30Image_31.png,30
Image-18-20Image_32.png,20
Image-18--36Image_33.jpg,-36
Image-18-19Image_34.jpg,19
Image-18-45Image_35.jpg,45
Image-18--38Image_36.jpg,-38
Image-18--31Image_37.png,-31
Image-18--44Image_38.jpg,-44
Image-18-44Image_39.JPG,44
Image-18-24Image_4.jpg,24
Image-18--5Image_40.jpg,-5
Image-18-29Image_5.jpg,29
Image-18--17Image_6.jpg,-17
Image-18--21Image_7.jpg,-21
Image-18-15Image_8.png,15
Image-18-45Image_9.jpg,45
Image-19--31Image_1.jpg,-31
Image-19--40Image_10.png,-40
Image-19--44Image_11.jpg,-44
Image-19-3Image_12.JPG,3
Image-19--9Image_13.png,-9
Image-19--17Image_14.JPG,-17
Image-19--8Image_17.jpg,-8
Image-19-17Image_18.jpg,17
Image-19-42Image_19.png,42
Image-19--29Image_2.jpg,-29
Image-19--41Image_20.jpg,-41
Image-19-43Image_21.jpg,43
Image-19-23Image_22.jpg,23
Image-19--14Image_23.JPG,-14
Image-19-6Image_24.png,6
Image-19--33Image_25.jpg,-33
Image-19-43Image_26.jpg,43
Image-19--17Image_27.jpg,-17
Image-19-43Image_28.jpg,43
Image-19-41Image_29.jpg,41
Image-19-37Image_3.jpg,37
Image-19-2Image_30.JPG,2
Image-19--15Image_31.png,-15
Image-19-19Image_32.png,19
Image-19-35Image_33.jpg,35
Image-19-37Image_34.jpg,37
Image-19-33Image_35.jpg,33
Image-19-8Image_36.jpg,8
Image-19--35Image_37.png,-35
Image-19-30Image_38.jpg,30
Image-19--6Image_39.JPG,-6
Image-19-30Image_4.jpg,30
Image-19-25Image_40.jpg,25
Image-19-45Image_5.jpg,45
Image-19--45Image_6.jpg,-45
Image-19-21Image_7.jpg,21
Image-19-8Image_8.png,8
Image-19--27Image_9.jpg,-27
Image-20--32Image_1.jpg,-32
Image-20-44Image_10.png,44
Image-20--8Image_11.jpg,-8
Image-20-20Image_12.JPG,20
Image-20--17Image_13.png,-17
Image-20--42Image_14.JPG,-42
Image-20--19Image_17.jpg,-19
Image-20-11Image_18.jpg,11
Image-20-45Image_19.png,45
Image-20-14Image_2.jpg,14
Image-20-9Image_20.jpg,9
Image-20--23Image_21.jpg,-23
Image-20--10Image_22.jpg,-10
Image-20-6Image_23.JPG,6
Image-20--22Image_24.png,-22
Image-20--5Image_25.jpg,-5
Image-20--5Image_26.jpg,-5
Image-20-17Image_27.jpg,17
Image-20-40Image_28.jpg,40
Image-20-43Image_29.jpg,43
Image-20-2Image_3.jpg,2
Image-20--7Image_30.JPG,-7
Image-20--25Image_31.png,-25
Image-20--10Image_32.png,-10
Image-20--8Image_33.jpg,-8
Image-20-43Image_34.jpg,43
Image-20--8Image_35.jpg,-8
Image-20-15Image_36.jpg,15
Image-20-11Image_37.png,11
Image-20--7Image_38.jpg,-7
Image-20-14Image_39.JPG,14
Image-20-25Image_4.jpg,25
Image-20--45Image_40.jpg,-45
Image-20-34Image_5.jpg,34
Image-20-2Image_6.jpg,2
Image-20--25Image_7.jpg,-25
Image-20--38Image_8.png,-38
Image-20--23Image_9.jpg,-23
Image-21--44Image_1.jpg,-44
Image-21--21Image_10.png,-21
Image-21--35Image_11.jpg,-35
Image-21-41Image_12.JPG,41
Image-21--19Image_13.png,-19
Image-21--42Image_14.JPG,-42
Image-21-30Image_17.jpg,30
Image-21--39Image_18.jpg,-39
Image-21--39Image_19.png,-39
Image-21-35Image_2.jpg,35
Image-21--6Image_20.jpg,-6
Image-21-6Image_21.jpg,6
Image-21--20Image_22.jpg,-20
Image-21-30Image_23.JPG,30
Image-21-17Image_24.png,17
Image-21--19Image_25.jpg,-19
Image-21--8Image_26.jpg,-8
Image-21--39Image_27.jpg,-39
Image-21-15Image_28.jpg,15
Image-21-8Image_29.jpg,8
Image-21--34Image_3.jpg,-34
Image-21-15Image_30.JPG,15
Image-21--31Image_31.png,-31
Image-21-6Image_32.png,6
Image-21-37Image_33.jpg,37
Image-21-25Image_34.jpg,25
Image-21--31Image_35.jpg,-31
Image-21--4Image_36.jpg,-4
Image-21--26Image_37.png,-26
Image-21-36Image_38.jpg,36
Image-21--28Image_39.JPG,-28
Image-21-28Image_4.jpg,28
Image-21-10Image_40.jpg,10
Image-21--5Image_5.jpg,-5
Image-21--35Image_6.jpg,-35
Image-21--4Image_7.jpg,-4
Image-21--8Image_8.png,-8
Image-21-12Image_9.jpg,12
Image-22--30Image_1.jpg,-30
Image-22--14Image_10.png,-14
Image-22--4Image_11.jpg,-4
Image-22--21Image_12.JPG,-21
Image-22--12Image_13.png,-12
Image-22-45Image_14.JPG,45
Image-22--35Image_17.jpg,-35
Image-22--31Image_18.jpg,-31
Image-22--25Image_19.png,-25
Image-22--1Image_2.jpg,-1
Image-22-30Image_20.jpg,30
Image-22-15Image_21.jpg,15
Image-22-34Image_22.jpg,34
Image-22-22Image_23.JPG,22
Image-22-8Image_24.png,8
Image-22--20Image_25.jpg,-20
Image-22-12Image_26.jpg,12
Image-22--27Image_27.jpg,-27
Image-22--24Image_28.jpg,-24
Image-22-0Image_29.jpg,0
Image-22-42Image_3.jpg,42
Image-22-42Image_30.JPG,42
Image-22-0Image_31.png,0
Image-22-20Image_32.png,20
Image-22--41Image_33.jpg,-41
Image-22-8Image_34.jpg,8
Image-22-42Image_35.jpg,42
Image-22--38Image_36.jpg,-38
Image-22-35Image_37.png,35
Image-22--36Image_38.jpg,-36
Image-22-38Image_39.JPG,38
Image-22--39Image_4.jpg,-39
Image-22-19Image_40.jpg,19
Image-22-20Image_5.jpg,20
Image-22-34Image_6.jpg,34
Image-22-28Image_7.jpg,28
Image-22--31Image_8.png,-31
Image-22--39Image_9.jpg,-39
Image-23--22Image_1.jpg,-22
Image-23--5Image_10.png,-5
Image-23-8Image_11.jpg,8
Image-23-23Image_12.JPG,23
Image-23-28Image_13.png,28
Image-23-17Image_14.JPG,17
Image-23--41Image_17.jpg,-41
Image-23-34Image_18.jpg,34
Image-23-26Image_19.png,26
Image-23-40Image_2.jpg,40
Image-23-22Image_20.jpg,22
Image-23-21Image_21.jpg,21
Image-23--5Image_22.jpg,-5
Image-23-21Image_23.JPG,21
Image-23-17Image_24.png,17
Image-23-41Image_25.jpg,41
Image-23-14Image_26.jpg,14
Image-23-17Image_27.jpg,17
Image-23--13Image_28.jpg,-13
Image-23--27Image_29.jpg,-27
Image-23-24Image_3.jpg,24
Image-23--4Image_30.JPG,-4
Image-23-40Image_31.png,40
Image-23-28Image_32.png,28
Image-23-38Image_33.jpg,38
Image-23--36Image_34.jpg,-36
Image-23--4Image_35.jpg,-4
Image-23--6Image_36.jpg,-6
Image-23-20Image_37.png,20
Image-23-13Image_38.jpg,13
Image-23-18Image_39.JPG,18
Image-23-25Image_4.jpg,25
Image-23-27Image_40.jpg,27
Image-23--26Image_5.jpg,-26
Image-23--34Image_6.jpg,-34
Image-23--7Image_7.jpg,-7
Image-23--13Image_8.png,-13
Image-23-5Image_9.jpg,5
Image-24-5Image_1.jpg,5
Image-24--9Image_10.png,-9
Image-24--39Image_11.jpg,-39
Image-24-43Image_12.JPG,43
Image-24--33Image_13.png,-33
Image-24-41Image_14.JPG,41
Image-24--4Image_17.jpg,-4
Image-24-12Image_18.jpg,12
Image-24-2Image_19.png,2
Image-24-22Image_2.jpg,22
Image-24--27Image_20.jpg,-27
Image-24-4Image_21.jpg,4
Image-24--6Image_22.jpg,-6
Image-24--40Image_23.JPG,-40
Image-24--8Image_24.png,-8
Image-24-17Image_25.jpg,17
Image-24--5Image_26.jpg,-5
Image-24--9Image_27.jpg,-9
Image-24-39Image_28.jpg,39
Image-24--32Image_29.jpg,-32
Image-24--27Image_3.jpg,-27
Image-24--1Image_30.JPG,-1
Image-24-8Image_31.png,8
Image-24--4Image_32.png,-4
Image-24-39Image_33.jpg,39
Image-24--41Image_34.jpg,-41
Image-24-36Image_35.jpg,36
Image-24-10Image_36.jpg,10
Image-24--35Image_37.png,-35
Image-24--5Image_38.jpg,-5
Image-24-21Image_39.JPG,21
Image-24-5Image_4.jpg,5
Image-24-19Image_40.jpg,19
Image-24--41Image_5.jpg,-41
Image-24-29Image_6.jpg,29
Image-24--4Image_7.jpg,-4
Image-24-6Image_8.png,6
Image-24-27Image_9.jpg,27
